"0","source(""deps.r"")"
"1","Error in "
"1",""
"1","install.packages"
"1",""
"1"," : "
"1",""
"1","Updating loaded packages"
"1",""
"1","
"
"1","Error in "
"1",""
"1","install.packages"
"1",""
"1"," : "
"1",""
"1","Updating loaded packages"
"1",""
"1","
"
"1","Error in "
"1",""
"1","install.packages"
"1",""
"1"," : "
"1",""
"1","Updating loaded packages"
"1",""
"1","
"
"2","trying URL 'http://cran.us.r-project.org/bin/macosx/big-sur-x86_64/contrib/4.3/patchwork_1.1.3.tgz'
"
"2","Content type 'application/x-gzip'"
"2"," length 3268839 bytes (3.1 MB)
"
"2","="
"2","="
"2","="
"2","="
"2","="
"2","="
"2","="
"2","="
"2","="
"2","="
"2","="
"2","="
"2","="
"2","="
"2","="
"2","="
"2","="
"2","="
"2","="
"2","="
"2","="
"2","="
"2","="
"2","="
"2","="
"2","="
"2","="
"2","="
"2","="
"2","="
"2","="
"2","="
"2","="
"2","="
"2","="
"2","="
"2","="
"2","="
"2","="
"2","="
"2","="
"2","="
"2","="
"2","="
"2","="
"2","="
"2","="
"2","="
"2","="
"2","="
"2","
"
"2","downloaded 3.1 MB

"
"1","
"
"1",""
"1","The downloaded binary packages are in
	/var/folders/j4/sd8ylkw55fs7fj9hm4w6y7p80000gn/T//Rtmp0Dyr94/downloaded_packages"
"1",""
"1","
"
"2","trying URL 'http://cran.us.r-project.org/bin/macosx/big-sur-x86_64/contrib/4.3/caret_6.0-94.tgz'
"
"2","Content type 'application/x-gzip'"
"2"," length 3587235 bytes (3.4 MB)
"
"2","="
"2","="
"2","="
"2","="
"2","="
"2","="
"2","="
"2","="
"2","="
"2","="
"2","="
"2","="
"2","="
"2","="
"2","="
"2","="
"2","="
"2","="
"2","="
"2","="
"2","="
"2","="
"2","="
"2","="
"2","="
"2","="
"2","="
"2","="
"2","="
"2","="
"2","="
"2","="
"2","="
"2","="
"2","="
"2","="
"2","="
"2","="
"2","="
"2","="
"2","="
"2","="
"2","="
"2","="
"2","="
"2","="
"2","="
"2","="
"2","="
"2","="
"2","
"
"2","downloaded 3.4 MB

"
"1","
"
"1",""
"1","The downloaded binary packages are in
	/var/folders/j4/sd8ylkw55fs7fj9hm4w6y7p80000gn/T//Rtmp0Dyr94/downloaded_packages"
"1",""
"1","
"
"2","trying URL 'http://cran.us.r-project.org/bin/macosx/big-sur-x86_64/contrib/4.3/ggthemes_4.2.4.tgz'
"
"2","Content type 'application/x-gzip'"
"2"," length 435694 bytes (425 KB)
"
"2","="
"2","="
"2","="
"2","="
"2","="
"2","="
"2","="
"2","="
"2","="
"2","="
"2","="
"2","="
"2","="
"2","="
"2","="
"2","="
"2","="
"2","="
"2","="
"2","="
"2","="
"2","="
"2","="
"2","="
"2","="
"2","="
"2","="
"2","="
"2","="
"2","="
"2","="
"2","="
"2","="
"2","="
"2","="
"2","="
"2","="
"2","="
"2","="
"2","="
"2","="
"2","="
"2","="
"2","="
"2","="
"2","="
"2","="
"2","="
"2","="
"2","="
"2","
"
"2","downloaded 425 KB

"
"1","
"
"1",""
"1","The downloaded binary packages are in
	/var/folders/j4/sd8ylkw55fs7fj9hm4w6y7p80000gn/T//Rtmp0Dyr94/downloaded_packages"
"1",""
"1","
"
"1","Error in "
"1",""
"1","install.packages"
"1",""
"1"," : "
"1",""
"1","Updating loaded packages"
"1",""
"1","
"
"2","trying URL 'http://cran.us.r-project.org/bin/macosx/big-sur-x86_64/contrib/4.3/GGally_2.1.2.tgz'
"
"2","Content type 'application/x-gzip'"
"2"," length 1642839 bytes (1.6 MB)
"
"2","="
"2","="
"2","="
"2","="
"2","="
"2","="
"2","="
"2","="
"2","="
"2","="
"2","="
"2","="
"2","="
"2","="
"2","="
"2","="
"2","="
"2","="
"2","="
"2","="
"2","="
"2","="
"2","="
"2","="
"2","="
"2","="
"2","="
"2","="
"2","="
"2","="
"2","="
"2","="
"2","="
"2","="
"2","="
"2","="
"2","="
"2","="
"2","="
"2","="
"2","="
"2","="
"2","="
"2","="
"2","="
"2","="
"2","="
"2","="
"2","="
"2","="
"2","
"
"2","downloaded 1.6 MB

"
"1","
"
"1",""
"1","The downloaded binary packages are in
	/var/folders/j4/sd8ylkw55fs7fj9hm4w6y7p80000gn/T//Rtmp0Dyr94/downloaded_packages"
"1",""
"1","
"
"2","trying URL 'http://cran.us.r-project.org/bin/macosx/big-sur-x86_64/contrib/4.3/shiny_1.7.5.tgz'
"
"2","Content type 'application/x-gzip'"
"2"," length 4352606 bytes (4.2 MB)
"
"2","="
"2","="
"2","="
"2","="
"2","="
"2","="
"2","="
"2","="
"2","="
"2","="
"2","="
"2","="
"2","="
"2","="
"2","="
"2","="
"2","="
"2","="
"2","="
"2","="
"2","="
"2","="
"2","="
"2","="
"2","="
"2","="
"2","="
"2","="
"2","="
"2","="
"2","="
"2","="
"2","="
"2","="
"2","="
"2","="
"2","="
"2","="
"2","="
"2","="
"2","="
"2","="
"2","="
"2","="
"2","="
"2","="
"2","="
"2","="
"2","="
"2","="
"2","
"
"2","downloaded 4.2 MB

"
"1","
"
"1",""
"1","The downloaded binary packages are in
	/var/folders/j4/sd8ylkw55fs7fj9hm4w6y7p80000gn/T//Rtmp0Dyr94/downloaded_packages"
"1",""
"1","
"
